<?xml version="1.0" encoding="UTF-8"?>
<metadata xml:lang="en"><Esri><CreaDate>20181019</CreaDate><CreaTime>15224100</CreaTime><ArcGISFormat>1.0</ArcGISFormat><SyncOnce>TRUE</SyncOnce><DataProperties><lineage><Process ToolSource="c:\program files (x86)\arcgis\desktop10.6\ArcToolbox\Toolboxes\Data Management Tools.tbx\CalculateField" Date="20181019" Time="152241">CalculateField tza_admbndl_ALL_20181019 AdmLevel 88 VB #</Process><Process ToolSource="c:\program files (x86)\arcgis\desktop10.6\ArcToolbox\Toolboxes\Data Management Tools.tbx\CalculateField" Date="20181019" Time="152359">CalculateField tza_admbndl_ALL_20181019 AdmLevel 88 VB #</Process><Process ToolSource="c:\program files (x86)\arcgis\desktop10.6\ArcToolbox\Toolboxes\Data Management Tools.tbx\CalculateField" Date="20181019" Time="152739">CalculateField tza_admbndl_ALL_20181019 AdmLevel 88 VB #</Process><Process ToolSource="c:\program files (x86)\arcgis\desktop10.6\ArcToolbox\Toolboxes\Data Management Tools.tbx\CalculateField" Date="20181019" Time="152817">CalculateField tza_admbndl_ALL_20181019 AdmLevel 88 VB #</Process><Process ToolSource="c:\program files (x86)\arcgis\desktop10.6\ArcToolbox\Toolboxes\Data Management Tools.tbx\CalculateField" Date="20181019" Time="153151">CalculateField tza_admbndl_ALL_20181019 AdmLevel 88 VB #</Process><Process ToolSource="c:\program files (x86)\arcgis\desktop10.6\ArcToolbox\Toolboxes\Data Management Tools.tbx\CalculateField" Date="20181019" Time="153245">CalculateField tza_admbndl_ALL_20181019 AdmLevel 88 VB #</Process><Process ToolSource="c:\program files (x86)\arcgis\desktop10.6\ArcToolbox\Toolboxes\Data Management Tools.tbx\CalculateField" Date="20181019" Time="153356">CalculateField tza_admbndl_ALL_20181019 AdmLevel 88 VB #</Process><Process ToolSource="c:\program files (x86)\arcgis\desktop10.6\ArcToolbox\Toolboxes\Data Management Tools.tbx\CalculateField" Date="20181019" Time="153707">CalculateField tza_admbndl_ALL_20181019 AdmLevel 88 VB #</Process><Process ToolSource="c:\program files (x86)\arcgis\desktop10.6\ArcToolbox\Toolboxes\Data Management Tools.tbx\CalculateField" Date="20181019" Time="153904">CalculateField tza_admbndl_ALL_20181019 AdmLevel 88 VB #</Process><Process ToolSource="c:\program files (x86)\arcgis\desktop10.6\ArcToolbox\Toolboxes\Data Management Tools.tbx\CalculateField" Date="20181019" Time="154124">CalculateField tza_admbndl_ALL_20181019 AdmLevel 88 VB #</Process><Process ToolSource="c:\program files (x86)\arcgis\desktop10.6\ArcToolbox\Toolboxes\Data Management Tools.tbx\CalculateField" Date="20181019" Time="154338">CalculateField tza_admbndl_ALL_20181019 AdmLevel 88 VB #</Process><Process ToolSource="c:\program files (x86)\arcgis\desktop10.6\ArcToolbox\Toolboxes\Data Management Tools.tbx\CalculateField" Date="20181019" Time="154510">CalculateField tza_admbndl_ALL_20181019 AdmLevel 88 VB #</Process><Process ToolSource="c:\program files (x86)\arcgis\desktop10.6\ArcToolbox\Toolboxes\Data Management Tools.tbx\CalculateField" Date="20181019" Time="154607">CalculateField tza_admbndl_ALL_20181019 AdmLevel 88 VB #</Process><Process ToolSource="c:\program files (x86)\arcgis\desktop10.6\ArcToolbox\Toolboxes\Data Management Tools.tbx\CalculateField" Date="20181019" Time="155820">CalculateField tza_admbndl_ALL_20181019 AdmLevel "lake" VB #</Process><Process ToolSource="c:\program files (x86)\arcgis\desktop10.6\ArcToolbox\Toolboxes\Data Management Tools.tbx\CalculateField" Date="20181019" Time="155842">CalculateField tza_admbndl_ALL_20181019 AdmLevel 77 VB #</Process><Process ToolSource="c:\program files (x86)\arcgis\desktop10.6\ArcToolbox\Toolboxes\Data Management Tools.tbx\CalculateField" Date="20181019" Time="160153">CalculateField tza_admbndl_ALL_20181019 AdmLevel 99 VB #</Process><Process ToolSource="c:\program files (x86)\arcgis\desktop10.6\ArcToolbox\Toolboxes\Data Management Tools.tbx\CalculateField" Date="20181019" Time="160534">CalculateField tza_admbndl_ALL_20181019 AdmLevel 0 VB #</Process><Process ToolSource="c:\program files (x86)\arcgis\desktop10.6\ArcToolbox\Toolboxes\Data Management Tools.tbx\CalculateField" Date="20181019" Time="160827">CalculateField tza_admbndl_ALL_20181019 AdmLevel 1 VB #</Process><Process ToolSource="c:\program files (x86)\arcgis\desktop10.6\ArcToolbox\Toolboxes\Data Management Tools.tbx\CalculateField" Date="20181019" Time="160923">CalculateField tza_admbndl_ALL_20181019 AdmLevel 2 VB #</Process><Process ToolSource="c:\program files (x86)\arcgis\desktop10.6\ArcToolbox\Toolboxes\Data Management Tools.tbx\CalculateField" Date="20181019" Time="161058">CalculateField tza_admbndl_ALL_20181019 AdmLevel 3 VB #</Process></lineage></DataProperties></Esri></metadata>
